,Country,Total Population,New Pop
0,,0.0,0.0
1,,0.0,0.0
2,,0.0,0.0
3,,0.0,0.0
4,,0.0,0.0
5,,0.0,0.0
6,,0.0,0.0
7,,0.0,0.0
8,,0.0,0.0
9,,0.0,0.0
10,,0.0,0.0
11,,0.0,0.0
12,,0.0,0.0
13,,0.0,0.0
14,,0.0,0.0
15,,0.0,0.0
16,,0.0,0.0
17,,0.0,0.0
18,,0.0,0.0
19,,0.0,0.0
20,,0.0,0.0
21,,0.0,0.0
22,,0.0,0.0
23,,0.0,0.0
24,,0.0,0.0
25,,0.0,0.0
26,,0.0,0.0
27,,0.0,0.0
28,,0.0,0.0
29,,0.0,0.0
30,,0.0,0.0
31,,0.0,0.0
32,,0.0,0.0
33,,0.0,0.0
34,,0.0,0.0
35,,0.0,0.0
36,,0.0,0.0
37,,0.0,0.0
38,,0.0,0.0
39,,0.0,0.0
40,,0.0,0.0
41,,0.0,0.0
42,,0.0,0.0
43,,0.0,0.0
44,,0.0,0.0
45,,0.0,0.0
46,,0.0,0.0
47,,0.0,0.0
48,,0.0,0.0
49,,0.0,0.0
50,,0.0,0.0
51,,0.0,0.0
52,,0.0,0.0
53,,0.0,0.0
54,,0.0,0.0
55,,0.0,0.0
56,,0.0,0.0
57,,0.0,0.0
58,,0.0,0.0
59,,0.0,0.0
60,,0.0,0.0
61,,0.0,0.0
62,,0.0,0.0
63,,0.0,0.0
64,,0.0,0.0
65,,0.0,0.0
66,,0.0,0.0
67,,0.0,0.0
68,,0.0,0.0
69,,0.0,0.0
70,,0.0,0.0
71,,0.0,0.0
72,,0.0,0.0
73,,0.0,0.0
74,,0.0,0.0
75,,0.0,0.0
76,,0.0,0.0
77,,0.0,0.0
78,,0.0,0.0
79,,0.0,0.0
80,,0.0,0.0
81,,0.0,0.0
82,,0.0,0.0
83,,0.0,0.0
84,,0.0,0.0
85,,0.0,0.0
86,,0.0,0.0
87,,0.0,0.0
88,,0.0,0.0
89,,0.0,0.0
90,,0.0,0.0
91,,0.0,0.0
92,,0.0,0.0
93,,0.0,0.0
94,,0.0,0.0
95,,0.0,0.0
96,,0.0,0.0
97,,0.0,0.0
98,,0.0,0.0
99,,0.0,0.0
100,,0.0,0.0
101,,0.0,0.0
102,,0.0,0.0
103,,0.0,0.0
104,,0.0,0.0
105,,0.0,0.0
106,,0.0,0.0
107,,0.0,0.0
108,,0.0,0.0
109,,0.0,0.0
110,,0.0,0.0
111,,0.0,0.0
112,,0.0,0.0
113,,0.0,0.0
114,,0.0,0.0
115,,0.0,0.0
116,,0.0,0.0
117,,0.0,0.0
118,,0.0,0.0
119,,0.0,0.0
120,,0.0,0.0
121,,0.0,0.0
122,,0.0,0.0
123,,0.0,0.0
124,,0.0,0.0
125,,0.0,0.0
126,,0.0,0.0
127,,0.0,0.0
128,,0.0,0.0
129,,0.0,0.0
130,,0.0,0.0
131,,0.0,0.0
132,,0.0,0.0
133,,0.0,0.0
134,,0.0,0.0
135,,0.0,0.0
136,,0.0,0.0
137,,0.0,0.0
138,,0.0,0.0
139,,0.0,0.0
140,,0.0,0.0
141,,0.0,0.0
142,,0.0,0.0
143,,0.0,0.0
144,,0.0,0.0
145,,0.0,0.0
146,,0.0,0.0
147,,0.0,0.0
148,,0.0,0.0
149,,0.0,0.0
150,,0.0,0.0
151,,0.0,0.0
152,,0.0,0.0
153,,0.0,0.0
154,,0.0,0.0
155,,0.0,0.0
156,,0.0,0.0
157,,0.0,0.0
158,,0.0,0.0
159,,0.0,0.0
160,,0.0,0.0
161,,0.0,0.0
162,,0.0,0.0
163,,0.0,0.0
164,,0.0,0.0
165,,0.0,0.0
166,,0.0,0.0
167,,0.0,0.0
168,,0.0,0.0
169,,0.0,0.0
170,,0.0,0.0
171,,0.0,0.0
172,,0.0,0.0
173,,0.0,0.0
174,,0.0,0.0
175,,0.0,0.0
176,,0.0,0.0
177,,0.0,0.0
178,,0.0,0.0
179,,0.0,0.0
180,,0.0,0.0
181,,0.0,0.0
182,,0.0,0.0
183,,0.0,0.0
184,,0.0,0.0
185,,0.0,0.0
186,,0.0,0.0
187,,0.0,0.0
188,,0.0,0.0
189,,0.0,0.0
190,,0.0,0.0
191,,0.0,0.0
192,,0.0,0.0
193,,0.0,0.0
194,,0.0,0.0
195,,0.0,0.0
196,,0.0,0.0
197,,0.0,0.0
198,,0.0,0.0
199,,0.0,0.0
200,,0.0,0.0
201,,0.0,0.0
202,,0.0,0.0
203,,0.0,0.0
204,,0.0,0.0
205,,0.0,0.0
206,,0.0,0.0
207,,0.0,0.0
208,,0.0,0.0
209,,0.0,0.0
210,,0.0,0.0
211,,0.0,0.0
212,,0.0,0.0
213,,0.0,0.0
214,,0.0,0.0
215,,0.0,0.0
216,,0.0,0.0
217,,0.0,0.0
218,,0.0,0.0
219,,0.0,0.0
220,,0.0,0.0
221,,0.0,0.0
222,,0.0,0.0
223,,0.0,0.0
224,,0.0,0.0
225,,0.0,0.0
226,,0.0,0.0
227,,0.0,0.0
228,,0.0,0.0
229,,0.0,0.0
230,,0.0,0.0
231,,0.0,0.0
232,,0.0,0.0
233,,0.0,0.0
234,,0.0,0.0
235,,0.0,0.0
236,,0.0,0.0
237,,0.0,0.0
238,,0.0,0.0
239,,0.0,0.0
240,,0.0,0.0
241,,0.0,0.0
242,,0.0,0.0
243,,0.0,0.0
244,,0.0,0.0
245,,0.0,0.0
246,,0.0,0.0
247,,0.0,0.0
248,,0.0,0.0
249,,0.0,0.0
250,,0.0,0.0
251,,0.0,0.0
252,,0.0,0.0
253,,0.0,0.0
254,,0.0,0.0
255,,0.0,0.0
256,,0.0,0.0
257,,0.0,0.0
258,,0.0,0.0
259,,0.0,0.0
260,,0.0,0.0
261,,0.0,0.0
262,,0.0,0.0
263,,0.0,0.0
264,,0.0,0.0
265,,0.0,0.0
266,,0.0,0.0
267,,0.0,0.0
268,,0.0,0.0
269,,0.0,0.0
270,,0.0,0.0
271,,0.0,0.0
272,,0.0,0.0
273,,0.0,0.0
274,,0.0,0.0
275,,0.0,0.0
276,,0.0,0.0
277,,0.0,0.0
278,,0.0,0.0
279,,0.0,0.0
280,,0.0,0.0
281,,0.0,0.0
282,,0.0,0.0
283,,0.0,0.0
284,,0.0,0.0
285,,0.0,0.0
286,,0.0,0.0
287,,0.0,0.0
288,,0.0,0.0
289,,0.0,0.0
290,,0.0,0.0
291,,0.0,0.0
292,,0.0,0.0
293,,0.0,0.0
294,,0.0,0.0
295,,0.0,0.0
296,,0.0,0.0
297,,0.0,0.0
298,,0.0,0.0
299,,0.0,0.0
300,,0.0,0.0
301,,0.0,0.0
302,,0.0,0.0
303,,0.0,0.0
304,,0.0,0.0
305,,0.0,0.0
306,,0.0,0.0
307,,0.0,0.0
308,,0.0,0.0
309,,0.0,0.0
310,,0.0,0.0
311,,0.0,0.0
312,,0.0,0.0
313,,0.0,0.0
314,,0.0,0.0
315,,0.0,0.0
316,,0.0,0.0
317,,0.0,0.0
318,,0.0,0.0
319,,0.0,0.0
320,,0.0,0.0
321,,0.0,0.0
322,,0.0,0.0
323,,0.0,0.0
324,,0.0,0.0
325,,0.0,0.0
326,,0.0,0.0
327,,0.0,0.0
328,,0.0,0.0
329,,0.0,0.0
330,,0.0,0.0
331,,0.0,0.0
332,,0.0,0.0
333,,0.0,0.0
334,,0.0,0.0
335,,0.0,0.0
336,,0.0,0.0
337,,0.0,0.0
338,,0.0,0.0
339,,0.0,0.0
340,,0.0,0.0
341,,0.0,0.0
342,,0.0,0.0
343,,0.0,0.0
344,,0.0,0.0
345,,0.0,0.0
346,,0.0,0.0
347,,0.0,0.0
348,,0.0,0.0
349,,0.0,0.0
350,,0.0,0.0
351,,0.0,0.0
352,,0.0,0.0
353,,0.0,0.0
354,,0.0,0.0
355,Chile,2000.0,200.0
356,,0.0,0.0
357,,0.0,0.0
358,,0.0,0.0
359,,0.0,0.0
360,Chile,2000.0,200.0
361,,0.0,0.0
362,,0.0,0.0
363,,0.0,0.0
364,,0.0,0.0
365,,0.0,0.0
366,,0.0,0.0
367,,0.0,0.0
368,,0.0,0.0
369,,0.0,0.0
370,,0.0,0.0
371,,0.0,0.0
372,,0.0,0.0
373,,0.0,0.0
374,,0.0,0.0
375,,0.0,0.0
376,,0.0,0.0
377,,0.0,0.0
378,,0.0,0.0
379,,0.0,0.0
380,,0.0,0.0
381,,0.0,0.0
382,,0.0,0.0
383,,0.0,0.0
384,,0.0,0.0
385,,0.0,0.0
386,,0.0,0.0
387,,0.0,0.0
388,,0.0,0.0
389,,0.0,0.0
390,,0.0,0.0
391,,0.0,0.0
392,,0.0,0.0
393,,0.0,0.0
394,,0.0,0.0
395,,0.0,0.0
396,,0.0,0.0
397,,0.0,0.0
398,,0.0,0.0
399,,0.0,0.0
400,Italy,5.0,0.5
401,,0.0,0.0
402,,0.0,0.0
403,,0.0,0.0
404,,0.0,0.0
405,Italy,5.0,0.5
406,,0.0,0.0
407,,0.0,0.0
408,,0.0,0.0
409,,0.0,0.0
410,Italy,5.0,0.5
411,,0.0,0.0
412,,0.0,0.0
413,,0.0,0.0
414,,0.0,0.0
415,Italy,5.0,0.5
416,,0.0,0.0
417,,0.0,0.0
418,,0.0,0.0
419,,0.0,0.0
420,Italy,5.0,0.5
421,,0.0,0.0
422,,0.0,0.0
423,,0.0,0.0
424,,0.0,0.0
425,Italy,5.0,0.5
426,,0.0,0.0
427,,0.0,0.0
428,,0.0,0.0
429,,0.0,0.0
430,Italy,3.0,0.3
431,,0.0,0.0
432,,0.0,0.0
433,,0.0,0.0
434,,0.0,0.0
435,Italy,1.0,0.1
436,,0.0,0.0
437,,0.0,0.0
438,,0.0,0.0
439,,0.0,0.0
440,Italy,1.0,0.1
441,,0.0,0.0
442,,0.0,0.0
443,,0.0,0.0
444,,0.0,0.0
445,Denmark,6.0,0.6
446,,0.0,0.0
447,,0.0,0.0
448,,0.0,0.0
449,,0.0,0.0
450,Sweden,10.0,1.0
451,Denmark,4.0,0.4
452,,0.0,0.0
453,,0.0,0.0
454,,0.0,0.0
455,Sweden,11.0,1.1
456,,0.0,0.0
457,,0.0,0.0
458,,0.0,0.0
459,,0.0,0.0
460,Sweden,11.0,1.1
461,,0.0,0.0
462,,0.0,0.0
463,,0.0,0.0
464,,0.0,0.0
465,Sweden,9.0,0.9
466,United States of America,2.0,0.2
467,Mexico,1.0,0.1
468,,0.0,0.0
469,,0.0,0.0
470,Canada,27.0,2.7
471,Sweden,9.0,0.9
472,United States of America,4.0,0.4
473,Cuba,3.0,0.3
474,Mexico,1.0,0.1
475,Canada,24.0,2.4
476,United States of America,21.0,2.1
477,Sweden,7.0,0.7
478,Mexico,6.0,0.6
479,Morocco,1.0,0.1
480,United States of America,46.0,4.6
481,Canada,20.0,2.0
482,Australia,11.0,1.1
483,Sweden,7.0,0.7
484,Morocco,1.0,0.1
485,United States of America,60.0,6.0
486,Canada,20.0,2.0
487,Australia,16.0,1.6
488,Sweden,7.0,0.7
489,Morocco,1.0,0.1
490,United States of America,90.0,9.0
491,Australia,19.0,1.9
492,Canada,18.0,1.8
493,Sweden,7.0,0.7
494,Belgium,2.0,0.2
495,United States of America,151.0,15.1
496,Canada,19.0,1.9
497,Australia,17.0,1.7
498,Sweden,7.0,0.7
499,Belgium,2.0,0.2
500,United States of America,746.0,74.6
501,Canada,87.0,8.7
502,Australia,31.0,3.1
503,Netherlands,4.0,0.4
504,Belgium,2.0,0.2
505,United States of America,763.0,76.3
506,Canada,236.0,23.6
507,Australia,40.0,4.0
508,Switzerland,7.0,0.7
509,Netherlands,4.0,0.4
510,United States of America,758.0,75.8
511,Canada,610.0,61.0
512,Germany,150.0,15.0
513,Australia,46.0,4.6
514,Switzerland,10.0,1.0
515,United States of America,714.0,71.4
516,Canada,707.0,70.7
517,Germany,164.0,16.4
518,Australia,25.0,2.5
519,Ireland,12.0,1.2
520,United States of America,1076.0,107.6
521,Germany,155.0,15.5
522,Canada,154.0,15.4
523,Australia,9.0,0.9
524,Switzerland,7.0,0.7
525,United States of America,747.0,74.7
526,Canada,168.0,16.8
527,Brazil,91.0,9.1
528,Germany,13.0,1.3
529,Australia,11.0,1.1
530,United States of America,796.0,79.6
531,Canada,164.0,16.4
532,Germany,138.0,13.8
533,Australia,8.0,0.8
534,France,7.0,0.7
535,Germany,914.0,91.4
536,United States of America,699.0,69.9
537,Canada,261.0,26.1
538,Australia,15.0,1.5
539,Ireland,11.0,1.1
540,United States of America,717.0,71.7
541,Germany,658.0,65.8
542,Canada,330.0,33.0
543,Ireland,15.0,1.5
544,Australia,11.0,1.1
545,United States of America,760.0,76.0
546,Canada,346.0,34.6
547,Germany,165.0,16.5
548,Brazil,106.0,10.6
549,Italy,10.0,1.0
550,United States of America,660.0,66.0
551,Canada,347.0,34.7
552,Germany,143.0,14.3
553,Ireland,14.0,1.4
554,Australia,13.0,1.3
555,United States of America,698.0,69.8
556,Canada,264.0,26.4
557,Germany,162.0,16.2
558,United Kingdom,30.0,3.0
559,Ireland,18.0,1.8
560,United States of America,789.0,78.9
561,Canada,248.0,24.8
562,Germany,167.0,16.7
563,United Kingdom,25.0,2.5
564,Italy,24.0,2.4
565,United States of America,1122.0,112.2
566,Canada,202.0,20.2
567,Germany,76.0,7.6
568,United Kingdom,33.0,3.3
569,Italy,25.0,2.5
570,United States of America,1746.0,174.6
571,Canada,179.0,17.9
572,Germany,74.0,7.4
573,Italy,41.0,4.1
574,United Kingdom,28.0,2.8
575,United States of America,2628.0,262.8
576,Canada,154.0,15.4
577,Italy,70.0,7.0
578,Germany,45.0,4.5
579,United Kingdom,33.0,3.3
580,United States of America,4072.0,407.2
581,Italy,146.0,14.6
582,Canada,112.0,11.2
583,Germany,55.0,5.5
584,United Kingdom,42.0,4.2
585,,0.0,0.0
586,,0.0,0.0
587,,0.0,0.0
588,,0.0,0.0
589,,0.0,0.0
