,Year,Country,Histogram
0,1969,,
1,1969,,
2,1969,,
3,1969,,
4,1969,,
5,1970,,
6,1970,,
7,1970,,
8,1970,,
9,1970,,
10,1971,Chile,||||||||||||||||||||||||||||||||||||||||||||||||||||||||||||||||||||||||||||||||||||||||||||||||||||
11,1971,,
12,1971,,
13,1971,,
14,1971,,
15,1972,Chile,||||||||||||||||||||||||||||||||||||||||||||||||||||||||||||||||||||||||||||||||||||||||||||||||||||
16,1972,,
17,1972,,
18,1972,,
19,1972,,
20,1973,,
21,1973,,
22,1973,,
23,1973,,
24,1973,,
25,1974,,
26,1974,,
27,1974,,
28,1974,,
29,1974,,
30,1975,,
31,1975,,
32,1975,,
33,1975,,
34,1975,,
35,1976,,
36,1976,,
37,1976,,
38,1976,,
39,1976,,
40,1977,,
41,1977,,
42,1977,,
43,1977,,
44,1977,,
45,1978,,
46,1978,,
47,1978,,
48,1978,,
49,1978,,
50,1979,,
51,1979,,
52,1979,,
53,1979,,
54,1979,,
55,1980,Italy,
56,1980,,
57,1980,,
58,1980,,
59,1980,,
60,1981,Italy,
61,1981,,
62,1981,,
63,1981,,
64,1981,,
65,1982,Italy,
66,1982,,
67,1982,,
68,1982,,
69,1982,,
70,1983,Italy,
71,1983,,
72,1983,,
73,1983,,
74,1983,,
75,1984,Italy,
76,1984,,
77,1984,,
78,1984,,
79,1984,,
80,1985,Italy,
81,1985,,
82,1985,,
83,1985,,
84,1985,,
85,1986,Italy,
86,1986,,
87,1986,,
88,1986,,
89,1986,,
90,1987,Italy,
91,1987,,
92,1987,,
93,1987,,
94,1987,,
95,1988,Italy,
96,1988,,
97,1988,,
98,1988,,
99,1988,,
100,1989,Denmark,
101,1989,,
102,1989,,
103,1989,,
104,1989,,
105,1990,Sweden,|
106,1990,Denmark,
107,1990,,
108,1990,,
109,1990,,
110,1991,Sweden,|
111,1991,,
112,1991,,
113,1991,,
114,1991,,
115,1992,Sweden,|
116,1992,,
117,1992,,
118,1992,,
119,1992,,
120,1993,Sweden,
121,1993,United States of America,
122,1993,Mexico,
123,1993,,
124,1993,,
125,1994,Canada,||
126,1994,Sweden,
127,1994,United States of America,
128,1994,Cuba,
129,1994,Mexico,
130,1995,Canada,||
131,1995,United States of America,||
132,1995,Sweden,
133,1995,Mexico,
134,1995,Morocco,
135,1996,United States of America,||||
136,1996,Canada,||
137,1996,Australia,|
138,1996,Sweden,
139,1996,Morocco,
140,1997,United States of America,||||||
141,1997,Canada,||
142,1997,Australia,|
143,1997,Sweden,
144,1997,Morocco,
145,1998,United States of America,|||||||||
146,1998,Australia,|
147,1998,Canada,|
148,1998,Sweden,
149,1998,Belgium,
150,1999,United States of America,|||||||||||||||
151,1999,Canada,|
152,1999,Australia,|
153,1999,Sweden,
154,1999,Belgium,
155,2000,United States of America,||||||||||||||||||||||||||||||||||||||||||||||||||||||||||||||||||||||||||
156,2000,Canada,||||||||
157,2000,Australia,|||
158,2000,Netherlands,
159,2000,Belgium,
160,2001,United States of America,||||||||||||||||||||||||||||||||||||||||||||||||||||||||||||||||||||||||||||
161,2001,Canada,|||||||||||||||||||||||
162,2001,Australia,||||
163,2001,Switzerland,
164,2001,Netherlands,
165,2002,United States of America,|||||||||||||||||||||||||||||||||||||||||||||||||||||||||||||||||||||||||||
166,2002,Canada,|||||||||||||||||||||||||||||||||||||||||||||||||||||||||||||
167,2002,Germany,|||||||||||||||
168,2002,Australia,||||
169,2002,Switzerland,|
170,2003,United States of America,|||||||||||||||||||||||||||||||||||||||||||||||||||||||||||||||||||||||
171,2003,Canada,||||||||||||||||||||||||||||||||||||||||||||||||||||||||||||||||||||||
172,2003,Germany,||||||||||||||||
173,2003,Australia,||
174,2003,Ireland,|
175,2004,United States of America,||||||||||||||||||||||||||||||||||||||||||||||||||||||||||||||||||||||||||||||||||||||||||||||||||||
176,2004,Germany,|||||||||||||||
177,2004,Canada,|||||||||||||||
178,2004,Australia,
179,2004,Switzerland,
180,2005,United States of America,||||||||||||||||||||||||||||||||||||||||||||||||||||||||||||||||||||||||||
181,2005,Canada,||||||||||||||||
182,2005,Brazil,|||||||||
183,2005,Germany,|
184,2005,Australia,|
185,2006,United States of America,|||||||||||||||||||||||||||||||||||||||||||||||||||||||||||||||||||||||||||||||
186,2006,Canada,||||||||||||||||
187,2006,Germany,|||||||||||||
188,2006,Australia,
189,2006,France,
190,2007,Germany,|||||||||||||||||||||||||||||||||||||||||||||||||||||||||||||||||||||||||||||||||||||||||||
191,2007,United States of America,|||||||||||||||||||||||||||||||||||||||||||||||||||||||||||||||||||||
192,2007,Canada,||||||||||||||||||||||||||
193,2007,Australia,|
194,2007,Ireland,|
195,2008,United States of America,|||||||||||||||||||||||||||||||||||||||||||||||||||||||||||||||||||||||
196,2008,Germany,|||||||||||||||||||||||||||||||||||||||||||||||||||||||||||||||||
197,2008,Canada,|||||||||||||||||||||||||||||||||
198,2008,Ireland,|
199,2008,Australia,|
200,2009,United States of America,||||||||||||||||||||||||||||||||||||||||||||||||||||||||||||||||||||||||||||
201,2009,Canada,||||||||||||||||||||||||||||||||||
202,2009,Germany,||||||||||||||||
203,2009,Brazil,||||||||||
204,2009,Italy,|
205,2010,United States of America,||||||||||||||||||||||||||||||||||||||||||||||||||||||||||||||||||
206,2010,Canada,||||||||||||||||||||||||||||||||||
207,2010,Germany,||||||||||||||
208,2010,Ireland,|
209,2010,Australia,|
210,2011,United States of America,|||||||||||||||||||||||||||||||||||||||||||||||||||||||||||||||||||||
211,2011,Canada,||||||||||||||||||||||||||
212,2011,Germany,||||||||||||||||
213,2011,United Kingdom,|||
214,2011,Ireland,|
215,2012,United States of America,||||||||||||||||||||||||||||||||||||||||||||||||||||||||||||||||||||||||||||||
216,2012,Canada,||||||||||||||||||||||||
217,2012,Germany,||||||||||||||||
218,2012,United Kingdom,||
219,2012,Italy,||
220,2013,United States of America,||||||||||||||||||||||||||||||||||||||||||||||||||||||||||||||||||||||||||||||||||||||||||||||||||||
221,2013,Canada,||||||||||||||||||||
222,2013,Germany,|||||||
223,2013,United Kingdom,|||
224,2013,Italy,||
225,2014,United States of America,||||||||||||||||||||||||||||||||||||||||||||||||||||||||||||||||||||||||||||||||||||||||||||||||||||
226,2014,Canada,|||||||||||||||||
227,2014,Germany,|||||||
228,2014,Italy,||||
229,2014,United Kingdom,||
230,2015,United States of America,||||||||||||||||||||||||||||||||||||||||||||||||||||||||||||||||||||||||||||||||||||||||||||||||||||
231,2015,Canada,|||||||||||||||
232,2015,Italy,|||||||
233,2015,Germany,||||
234,2015,United Kingdom,|||
235,2016,United States of America,||||||||||||||||||||||||||||||||||||||||||||||||||||||||||||||||||||||||||||||||||||||||||||||||||||
236,2016,Italy,||||||||||||||
237,2016,Canada,|||||||||||
238,2016,Germany,|||||
239,2016,United Kingdom,||||
